Zip Code,City,County
80221,DENVER,ADAMS
80229,DENVER,ADAMS
80233,DENVER,ADAMS
80234,DENVER,ADAMS
80260,DENVER,ADAMS
80247,DENVER,ARAPAHOE
80201,DENVER,DENVER
80202,DENVER,DENVER
80203,DENVER,DENVER
80204,DENVER,DENVER
80205,DENVER,DENVER
80206,DENVER,DENVER
80207,DENVER,DENVER
80208,DENVER,DENVER
80209,DENVER,DENVER
80210,DENVER,DENVER
80211,DENVER,DENVER
80212,DENVER,DENVER
80216,DENVER,DENVER
80217,DENVER,DENVER
80218,DENVER,DENVER
80219,DENVER,DENVER
80220,DENVER,DENVER
80222,DENVER,DENVER
80223,DENVER,DENVER
80224,DENVER,DENVER
80230,DENVER,DENVER
80231,DENVER,DENVER
80236,DENVER,DENVER
80237,DENVER,DENVER
80238,DENVER,DENVER
80239,DENVER,DENVER
80246,DENVER,DENVER
80248,DENVER,DENVER
80249,DENVER,DENVER
80250,DENVER,DENVER
80251,DENVER,DENVER
80257,DENVER,DENVER
80261,DENVER,DENVER
80262,DENVER,DENVER
80264,DENVER,DENVER
80265,DENVER,DENVER
80266,DENVER,DENVER
80271,DENVER,DENVER
80273,DENVER,DENVER
80274,DENVER,DENVER
80290,DENVER,DENVER
80293,DENVER,DENVER
80294,DENVER,DENVER
80299,DENVER,DENVER
80214,DENVER,JEFFERSON
80215,DENVER,JEFFERSON
80225,DENVER,JEFFERSON
80226,DENVER,JEFFERSON
80227,DENVER,JEFFERSON
80228,DENVER,JEFFERSON
80232,DENVER,JEFFERSON
80235,DENVER,JEFFERSON

